student name,level id,school id,gender,age
AHMAD ADAM AL FATEH BIN MOHD NASHIH ULWAN,1,2,LELAKI,5-9 TAHUN
MUHAMMAD RAZIN FIRAS BIN MOHD HELMI,1,2,LELAKI,5-9 TAHUN
MARYA LUFYA BINTI MOHAMAD HUMAIZI,1,2,PEREMPUAN,5-9 TAHUN
UFAIRAH AN NAILAH BINTI MUHAMMAD SAUFI,1,2,PEREMPUAN,5-9 TAHUN
ASYRAFF MUALLIM BIN MOHD KHAIRUL FARKHAM,1,2,LELAKI,5-9 TAHUN
MUHAMMAD KHAIR SYAUQIE BIN MUHAMMAD KHALQIA,1,2,LELAKI,5-9 TAHUN
WAFA ZULAIKHA BINTI MOHD KHAIRUL FARKHAM,1,2,PEREMPUAN,5-9 TAHUN
NUR QAIREEN DARWISYA BINTI AHMAD ISKANDAR,1,2,PEREMPUAN,5-9 TAHUN
ABDULLAH AZ ZUBAYR BIN ZULNIZZAM,1,2,LELAKI,5-9 TAHUN
MUHAMMAD ESHAN BIN MUHAMMAD SYAFIQ,1,2,LELAKI,5-9 TAHUN
NAYLA HUMAIRA BINTI SUHAIL,1,2,PEREMPUAN,5-9 TAHUN
SYIFAA’ BIN AHMAD QURRATA AIN,1,2,PEREMPUAN,5-9 TAHUN
UWAIS BIN MOHD FADHIL,1,2,LELAKI,5-9 TAHUN
MUHAMMAD ZARIF AFNAN BIN MOHD YAZID,1,2,LELAKI,5-9 TAHUN
DHAMIR HARRAZ BIN MOHAMMAD AFIFF,1,2,LELAKI,5-9 TAHUN
MUHAMMAD ARSHAD BIN KHAIRUL ZAMAN,1,2,LELAKI,5-9 TAHUN
SARANEESAN A/L ATHAVAN,1,9,LELAKI,10-12 TAHUN
NORSYAHIR DARWISY BIN MOHD SENIN,1,9,LELAKI,10-12 TAHUN
ABQORI HAFIZ BIN MOHD HIRZI,1,9,LELAKI,5-9 TAHUN
MUHAMMAD RAYYAN NABIL BIN MOHD NAJIB,1,9,LELAKI,5-9 TAHUN
ADAM DANIEL BIN ZULAZRI,1,9,LELAKI,10-12 TAHUN
NOAH ISMAIL BIN MUHAMMAD NAZRI,1,9,LELAKI,5-9 TAHUN
MUHAMMAD BIN MOHD YUSOF,1,9,LELAKI,5-9 TAHUN
YUSUF AMMAR BIN MD ZAINAL ABIDIN,1,9,LELAKI,5-9 TAHUN
MOHAMAD AMIR ALMUKMIN BIN MOHAMAD FIRDAUS,1,9,LELAKI,5-9 TAHUN
MUHAMMAD WAFIY IMAN BIN MUHAMAD YUSLEE,1,9,LELAKI,5-9 TAHUN
ADAM WAFIY BIN ZULAZRI,1,9,LELAKI,5-9 TAHUN
MUHAMMAD ADAM BIN MOHD AFANDI,1,9,LELAKI,5-9 TAHUN
UMAR ZAFRAN BIN MOHAMAD ZULHILMI,1,9,LELAKI,5-9 TAHUN
MUHAMMAD ARIFF ARIQIN BIN AZIZI,1,9,LELAKI,5-9 TAHUN
MUHAMMAD ARYAN HAFIDH BIN MOHD HASBULLAH,1,9,LELAKI,5-9 TAHUN
MUHAMAD HARITH AIDIL BIN MUHAMAD HAIRY,1,9,LELAKI,5-9 TAHUN
MUHAMMAD AIDAN HAFIY BIN MOHD HASBULLAH,1,9,LELAKI,5-9 TAHUN
NEIL UMAR BIN MUHAMMAD NAZRI,1,9,LELAKI,5-9 TAHUN
HARIS MATEEN BIN MOHAMAD ZULHILMI,1,9,LELAKI,5-9 TAHUN
MUHAMMAD DAIYAN ANAQI BIN MOHD HASRULDANI,1,9,LELAKI,5-9 TAHUN
MUHAMMAD ISYRAQ IMAN BIN NADZREEQ,1,9,LELAKI,5-9 TAHUN
AISYAH NUR IMAN BINTI SAFARIN,1,9,PEREMPUAN,5-9 TAHUN
DAMIA BATRISYA AZHAR BINTI ABDUN NAFI,1,9,PEREMPUAN,5-9 TAHUN
NUR EZRA FEERDA BINTI MUHAMMAD EZUAN,1,9,PEREMPUAN,5-9 TAHUN
NUR DHIA DELISHA BINTI MOHD NORIZAM,1,9,PEREMPUAN,5-9 TAHUN
AHMED VOOREL,1,10,LELAKI,5-9 TAHUN
MUHAMMAD RAHMAN ASYRAF BIN SYAIFUL ANUAR,1,10,LELAKI,5-9 TAHUN
MUHAMMAD ZAKWANHELMI BIN MOHD FAIRUDIN,1,10,LELAKI,5-9 TAHUN
MOHAMAD ZIYAD FAZLE BIN MOHAMAD FAUZI,1,10,LELAKI,5-9 TAHUN
MUHAMMAD ADAM AQASYA BIN MOHD KHATAMAN,1,10,LELAKI,10-12 TAHUN
MUHAMMAD RAZEEN JALIL BIN SYAIFUL ANUAR,1,10,LELAKI,10-12 TAHUN
RAJA MUHAMMAD NAQIUDDIN BIN RAJA MOHD HAFRIZ,1,10,LELAKI,5-9 TAHUN
IZZ RAQIB BIN AZRI LUQMAN,1,10,LELAKI,5-9 TAHUN
ADAM MU’IZ BIN AHMAD FAUZANI,1,10,LELAKI,10-12 TAHUN
ANAS MIKAEL BIN AHMAD FAUZANI,1,10,LELAKI,5-9 TAHUN
FATHUL RIFQEE BIN MOHD FADALI,1,10,LELAKI,5-9 TAHUN
FATHUL RAFEEQ BIN MOHD FADALI,1,10,LELAKI,5-9 TAHUN
BAIHAQQI MUSLIM BIN SYAHRUL RUZUAN,1,10,LELAKI,5-9 TAHUN
ABDURRAHMAN BIN MUHAMAD AZWAN,1,10,LELAKI,5-9 TAHUN
MUHAMMAD ADAM NAUFAL BIN AHMAD,1,10,LELAKI,5-9 TAHUN
MUHAMMAD AFIF AL FATEH BIN MOHAMAD AKMAL,1,10,LELAKI,5-9 TAHUN
NUR ZAHRA SOFEA,1,10,PEREMPUAN,10-12 TAHUN
NOR DHIA ZAINAB BINTI ABDULLAH,1,10,PEREMPUAN,10-12 TAHUN
NUR KEISHA NUHA BINTI KHIRUL IKWAN,1,10,PEREMPUAN,10-12 TAHUN
NUR KHAYRA HANA BINTI KHIRUL IKWAN,1,10,PEREMPUAN,5-9 TAHUN
PUTRI RIFDA ZAYYAANI BT MOHAMAD SHAHRIZAL,1,10,PEREMPUAN,5-9 TAHUN
NUR QISYA SUMAYYAH BINTI MOHD KHATAMAN,1,10,PEREMPUAN,5-9 TAHUN
AFHAM RIFQI BIN REYNULLAH,1,11,LELAKI,10-12 TAHUN
MUHAMMAD KHAIRUL NAIM BIN KHAIRUL NIZAM,1,11,LELAKI,10-12 TAHUN
RIZQI HAYYAN BIN SHAHRES  AMMERUL,1,11,LELAKI,10-12 TAHUN
RAFIQUE ZACHARY CHUAH BIN MUHAMMAD SYIBLI,1,11,LELAKI,10-12 TAHUN
MUHAMMAD NAUFAL BIN MOHAMMED KHAIRUL HIDZWAN,1,11,LELAKI,5-9 TAHUN
MUHAMAD HADIF ELMAN BIN MOHD KHAIRI AMRI,1,11,LELAKI,10-12 TAHUN
MUHAMMAD UMAR IRSYAD BIN ASHRAF,1,11,LELAKI,10-12 TAHUN
AHMAD NAZRAN BIN MOHD ZUL AZMAN,1,11,LELAKI,5-9 TAHUN
FAUZANN BIN MUHAMMAD SYAFIQ,1,11,LELAKI,5-9 TAHUN
MUHAMMAD AL FATEH BIN AKMAL,1,11,LELAKI,5-9 TAHUN
MUHAMMAD IFFAT LUTFI BIN NUR HILHAMSYAHMI,1,11,LELAKI,5-9 TAHUN
MUHAMMAD SAYYID RIZQI BIN MOHD RIZUAN,1,11,LELAKI,5-9 TAHUN
FAYYADH FAKRULLAH QUSYAIRI BIN OTHMAN,1,11,LELAKI,5-9 TAHUN
NUR RAISHA QAIRINA BT OMAR,1,11,PEREMPUAN,10-12 TAHUN
AMANI NAZRAN BINTI MOHD ZUL AZMAN,1,11,PEREMPUAN,10-12 TAHUN
KHADIJAH YUSRA BINTI KHAIRUL NIZAM,1,11,PEREMPUAN,5-9 TAHUN
NUR HUSNIA ZAHRA BINTI MOHD HASMIDI,1,11,PEREMPUAN,5-9 TAHUN
RAISYA SUMAYYAH BINTI SHAHRES AMMERUL,1,11,PEREMPUAN,10-12 TAHUN
QISYA ATHIRAH BINTI ZAMANI,1,11,PEREMPUAN,5-9 TAHUN
NAJLA INSYIRAH BT. MOHD FAIROS,1,11,PEREMPUAN,5-9 TAHUN
AIRIS ZULAIKHA BINTI MOHD AIZAT,1,11,PEREMPUAN,5-9 TAHUN
KHAYRA MARSYA BINTI MOHD KHAIRI AMRI,1,11,PEREMPUAN,5-9 TAHUN
DAANYA NATASYA CHUAH BINTI MUHAMMAD SYIBLI,1,11,PEREMPUAN,5-9 TAHUN
NUR AISYAH INSYIRAH BINTI ASHRAFF,1,11,PEREMPUAN,5-9 TAHUN
AINUL MARDHIAH BINTI FAIZ,1,11,PEREMPUAN,5-9 TAHUN
BRIAN ANAQI BIN BAHARIM,1,14,LELAKI,5-9 TAHUN
MUHAMMAD RIYAAZ MIKHAIL BIN MOHD SHAHZREEN,1,14,LELAKI,10-12 TAHUN
MUHAMMAD RAYHAN MUQRI BIN MOHD SHAHZREEN,1,14,LELAKI,5-9 TAHUN
MEGAT FAYYADH HADIF BIN MEGAT MOHD HAAFIZ,1,14,LELAKI,5-9 TAHUN
MOHAMED SOLAH BIN IDZUAN ASRAF,1,14,LELAKI,5-9 TAHUN
MUHAMMAD ARRYAN DARWISH BIN ABDUL BARR,1,14,LELAKI,5-9 TAHUN
AISYAH SOFIA BINTI MUHAMMAD AZHAR,1,14,PEREMPUAN,5-9 TAHUN
NUR AISHAH HUMAIRA BINTI MUHAMMAD SHAH AWALUDIN,1,14,PEREMPUAN,5-9 TAHUN
MUHAMMAD HAMKA B MUHAMMAD AMIR FIRDAUS,1,14,LELAKI,5-9 TAHUN
MEGAT FALLIQ HAMKA BIN MEGAT MOHD HAAFIZ,1,14,LELAKI,5-9 TAHUN
NUR SAFA BINTI IDZUAN ASRAF,1,14,PEREMPUAN,5-9 TAHUN
NUR SAFIYYAH BINTI IDZUAN ASRAF,1,14,PEREMPUAN,10-12 TAHUN
SAIDATUL AISYAH BINTI KHAIRUL AN NUR,1,14,PEREMPUAN,5-9 TAHUN
NIK MUHAMMAD YUSUF BIN NIK MOHD AZIZI,1,14,LELAKI,5-9 TAHUN
MUHAMMAD NUR HAKIM BIN MOHD KHAIRUZIN,1,14,LELAKI,5-9 TAHUN
AHMAD AMMAR RAFEEQ BIN MOHD ALIAS,1,14,LELAKI,5-9 TAHUN
MUHAMMAD HARITH NAUFAL BIN SAMSUL ARIPIN,1,14,LELAKI,5-9 TAHUN
MUHAMMAD ARIF BIN MOHAMED AZURUL,1,14,LELAKI,5-9 TAHUN
MUHAMMAD ‘IMRAN KHAIRI BIN MOHD SHAMLAN,2,2,LELAKI,5-9 TAHUN
MUHAMMAD KHAIRUN NASIRIN BIN MAT HUSSIN,2,2,LELAKI,10-12 TAHUN
RHEA QAILA AL MAHYRA BINTI SAMSUL,2,2,PEREMPUAN,5-9 TAHUN
MUHAMMAD THAQIF,2,9,LELAKI,10-12 TAHUN
MUHAMMAD ZARIF BIN MOHD NUR HAFIZ,2,9,LELAKI,10-12 TAHUN
NURUL KHAIRIN LASHIRA BTE MOHD.HERWAN,2,9,PEREMPUAN,5-9 TAHUN
NUR HANANIA NASHWA BINTI MOHD YAZID,2,9,PEREMPUAN,5-9 TAHUN
MUHAMMAD AMAR NIYAZ BIN MOHD YAZID,2,9,LELAKI,10-12 TAHUN
AIF FAHIM BIN NOORMUHAMAD AZROL,2,9,LELAKI,5-9 TAHUN
AQIL ANAQI BIN ABDUL MUTHOLEB,2,9,LELAKI,5-9 TAHUN
MUHAMMAD QHAIR NAWFAL BIN MD ZAPI,2,9,LELAKI,5-9 TAHUN
MUHAMMAD QAYYIM KHALIFAH BIN MOHAMMAD SHAH KHALIFAH,2,9,LELAKI,5-9 TAHUN
MUHAMMAD QABIL KHALIFAH BIN MOHAMMAD SHAH KHALIFAH,2,9,LELAKI,5-9 TAHUN
MUHAMMAD HASIF,2,9,LELAKI,5-9 TAHUN
MUHAMMAD ZAFRI BIN MOHD NUR HAFIZ,2,9,LELAKI,5-9 TAHUN
MUHAMMAD AFIQ ZIQRI BIN MUHAMAD FAUZI,2,9,LELAKI,5-9 TAHUN
MUHAMMAD 'ADIY ZIHNY BIN MOHD.ZAMIRUDIN,3,2,LELAKI,5-9 TAHUN
MUHAMMAD UMAR BIN MOHD ZUHAILI,3,2,LELAKI,5-9 TAHUN
MUHAMMAD NAUFAL KHAIRI BIN MOHD HELMI,3,2,LELAKI,5-9 TAHUN
MUHAMMAD KHAIR TSAQIF BIN MUHAMMAD KHALQIA,3,2,LELAKI,5-9 TAHUN
MUHAMMAD ZARIF AMJAD BIN MOHD YAZID,3,2,LELAKI,5-9 TAHUN
MUHAMMAD UMAR AL-FAROUQ BIN MUHAMMAD SAUFI,3,2,LELAKI,5-9 TAHUN
AMRAH ZAFIRAH BINTI TARMIZI,3,2,PEREMPUAN,5-9 TAHUN
PUTERI ALISYA BINTI MOHAMMED FIRDAUS,3,2,PEREMPUAN,5-9 TAHUN
NURLAYLAH KHALISH BINTI MOHAMMED KHAIRUL ANWAR,3,7,PEREMPUAN,10-12 TAHUN
AISYAH BINTI MOHAMMAD TAUFIK,3,7,PEREMPUAN,10-12 TAHUN
KHALISH RAMADHAN BIN MOHAMMED KHAIRUL ANWAR,3,7,LELAKI,5-9 TAHUN
MEGAT HASSAN MUHAFIZ BIN MEGAT RIZAL HELMEY,3,7,LELAKI,5-9 TAHUN
AIRISH MEDINA BT MUHAMMAD HAIRUL ADZHAR,3,7,PEREMPUAN,10-12 TAHUN
RAISYA MEDINA BINTI MUHAMMAD TERMIZI,3,7,PEREMPUAN,5-9 TAHUN
ZAFFRAN NOAH BIN MUHAMMAD HAIRUL ADZHAR,3,7,LELAKI,5-9 TAHUN
ASYRAF BIN MOHAMMAD TAUFIK,3,7,LELAKI,5-9 TAHUN
NAJWA MARISSA ALFAHMI,3,7,PEREMPUAN,10-12 TAHUN
AWFIYAH ADRIANI BINTI AHMAD SAIFUDDIN,3,7,PEREMPUAN,5-9 TAHUN
AKHTAR AMEERUDDIN BIN AHMAD SAIFUDDIN,3,7,LELAKI,10-12 TAHUN
MUHAMMAD EMIR FAEZEEN BIN MUHAMMAD EZUAN,3,7,LELAKI,5-9 TAHUN
UMAR FAAIZ BIN ABDUL QAHHAAR,3,7,LELAKI,10-12 TAHUN
NOOR RADEN RIZQI BIN NOOR AMINUDIN,3,7,LELAKI,10-12 TAHUN
MUHAMMAD SAIF AIDAN BIN MUHAMMAD IKHMAL,3,7,LELAKI,5-9 TAHUN
MUHAMMAD SAIF AIDIN BIN MUHAMMAD IKHMAL,3,7,LELAKI,5-9 TAHUN
RYU SHAQEEL BIN MOHD SAHARUDIN,3,7,LELAKI,5-9 TAHUN
ALFAQEH ALFAHMI,3,7,LELAKI,5-9 TAHUN
HARITH MIKAEL BIN MAZRIM,3,7,LELAKI,5-9 TAHUN
NOOR ARYAN RIZQI BIN NOOR AMINUDIN,3,7,LELAKI,10-12 TAHUN
MUHAMMAD RIFQI BIN MUHAMMAD TERMIZI,3,7,LELAKI,10-12 TAHUN
MUHAMMAD ASYRAF ZAHIN BIN MOHD SALIHIN,3,8,LELAKI,10-12 TAHUN
MUHAMMAD AMAR IRFAN BIN MOHD AMRIZUL ZAHRI,3,8,LELAKI,10-12 TAHUN
MUHAMMAD AL FATEH,3,8,LELAKI,5-9 TAHUN
HUD AYSAR BIN RAHMAT,3,8,LELAKI,5-9 TAHUN
MUHAMMAD ARSYAD ZAHIN BIN MOHD SALIHIN,3,8,LELAKI,10-12 TAHUN
UMAR ZIYAD BIN ZAHARI,3,8,LELAKI,5-9 TAHUN
AISAR ASYRAF BIN HELMI ADLY,3,8,LELAKI,5-9 TAHUN
ARFAN ILMAN BIN IHSAN SOBRI,3,8,LELAKI,5-9 TAHUN
MUHAMMAD LUQMANUL HAKIM,3,8,LELAKI,5-9 TAHUN
KHALISH AMSYAR BIN MOHD AZWANDI,3,8,LELAKI,5-9 TAHUN
MOHAMMAD DANISH THAQIF,3,8,LELAKI,10-12 TAHUN
WAN NUR HAZIRAH BINTI WAN MOHD FAHRUL ROZI,3,8,PEREMPUAN,5-9 TAHUN
AIRA ARYANA BINTI HELMI ADLY,3,8,PEREMPUAN,5-9 TAHUN
NUR KHALISHAH AMANI BINTI MOHD AZWANDI,3,8,PEREMPUAN,5-9 TAHUN
DG MUHAMMAD AARIZ BIN DG MOHD AL HAFIDZ,3,11,LELAKI,5-9 TAHUN
DG MUHAMMAD HARRAZ BIN DG MOHD AL HAFIDZ,3,11,LELAKI,5-9 TAHUN
DG MUHAMMAD AMMAR BIN DG MOHD AL HAFIDZ,3,11,LELAKI,10-12 TAHUN
NA’IL FURQAN MIKAIL BIN MOHD FADZIL,3,11,LELAKI,13-17 TAHUN
NA’ILA FARISYAH BINTI MOHD FADZIL,3,11,PEREMPUAN,10-12 TAHUN
PUTERI ERIS BINTI JAMALUDDIN,3,11,PEREMPUAN,10-12 TAHUN
RADIN ANISAH ZULAIKHA BINTI RADIN MD ASNAWI NAZARUDDIN,3,11,PEREMPUAN,13-17 TAHUN
RADIN AYU ZUHAIRA BINTI RADIN MD ASNAWI NAZARUDDIN,3,11,PEREMPUAN,5-9 TAHUN
AARON WAFRI BIN MOHD FARHAN AZME,3,12,LELAKI,13-15 TAHUN
MUHAMMAD IZZ ZAYYAN BIN MOHAMAD AZRI,3,12,LELAKI,13-15 TAHUN
ABDUL RAHMAN BIN RAMDAN,3,12,LELAKI,10-12 TAHUN
IZZ FATIYH ISKANDAR BIN MOHAMAD,3,12,LELAKI,10-12 TAHUN
AZIM AZFAR BIN MOHD AMINURASHID,3,12,LELAKI,10-12 TAHUN
ZAHIN ZIQRI BIN MOHAMAD AMIN SHAADAN,3,12,LELAKI,5-9 TAHUN
MUHAMMAD RIZQI ZAFRAN BIN ABDUL FATTAH,3,12,LELAKI,5-9 TAHUN
ABDUL RAHIM BIN RAMDAN,3,12,LELAKI,10-12 TAHUN
AMZAR AFFAN BIN MOHD AMINURASHID,3,12,LELAKI,5-9 TAHUN
MUHAMMAD IAN LUTFI,3,12,LELAKI,5-9 TAHUN
HAMKA ZIQRI BIN MOHAMAD AMIN SHAADAN,3,12,LELAKI,5-9 TAHUN
MUHAMMAD KASYAF MIKAIL BIN MUHAMMAD NURHAKIM,3,12,LELAKI,5-9 TAHUN
WAN HADIF YUSUF BIN WAN MUHAMAD NUR ZIKRI,3,12,LELAKI,5-9 TAHUN
MUHAMMAD ANIQ LUTFI,3,12,LELAKI,5-9 TAHUN
MUHAMMAD AYDIN IMRAN BIN ABDULLAH IHSAN,3,12,LELAKI,5-9 TAHUN
DHIA MARISSA BINTI MOHAMAD,3,12,PEREMPUAN,10-12 TAHUN
RANIA HUSNA BINTI RAMDAN,3,12,PEREMPUAN,5-9 TAHUN
MUHD IKRAM BIN ABDULLAH,3,13,LELAKI,10-12 TAHUN
MUHD SHAFIZ RAYYAN BIN ABDULLAH,3,13,LELAKI,10-12 TAHUN
MUHAMMAD ADIF BIN ABDULLAH,3,13,LELAKI,10-12 TAHUN
SHAFWAN ADAM BIN ABDULLAH,3,13,LELAKI,10-12 TAHUN
PUTRA MIRZA BIN ABD HAKIM,3,13,LELAKI,10-12 TAHUN
MUHAMMAD RAYYAN ISKANDAR,3,13,LELAKI,10-12 TAHUN
AHMAD AL FATEH BIN MOHD SYAHMI,3,13,LELAKI,5-9 TAHUN
HUDA RAMADHANI BINTI MOHD HANIS,3,13,PEREMPUAN,10-12 TAHUN
HUSNA RASYADA BINTI MOHD HANIS,3,13,PEREMPUAN,5-9 TAHUN
NUR TAMAMAH BINTI MOHD SHAHRIN,3,14,PEREMPUAN,5-9 TAHUN
HUMAIRA ARDANI BINTI HAFIZAN,3,14,PEREMPUAN,5-9 TAHUN
MUHAMMAD HARRAZ BIN HAFIZAN,3,14,LELAKI,5-9 TAHUN
MUHAMAD IZZ HAIDAR ANAQI BIN MUHAMAD NORHAFIZ,3,14,LELAKI,10-12 TAHUN
NUR FAHZIANI LUTFI BINTI HALIM,3,14,PEREMPUAN,10-12 TAHUN
AHMAD AMMAR BIN AMRI,3,14,LELAKI,10-12 TAHUN
MUHAMMAD HAFIY BIN HALIM,3,14,LELAKI,5-9 TAHUN
AHMAD AMMAR BIN HISHAMUDDIN,3,14,LELAKI,10-12 TAHUN
MOHAMAD HARRAZ IRFAN BIN MOHD RAAMIRRUL,3,14,LELAKI,5-9 TAHUN
MUHAMMAD FAIQ SUFI BIN MUHAMMAD FAIZ,3,14,LELAKI,5-9 TAHUN
MUHAMMAD FALIQ SUFI BIN MUHAMMAD FAIZ,3,14,LELAKI,5-9 TAHUN
FERRY NIZAM BIN HERMAN,3,15,LELAKI,13-17 TAHUN
MUHAMMAD DANIEL ZULKARNAIN BIN ABDULLAH,3,15,LELAKI,13-17 TAHUN
MUHAMMAD ASHRAF HAZIQ BIN AZIZ,4,6,LELAKI,10-12 TAHUN
MUHAMMAD RAIYAN ARSYAD BIN MUHAMMAD SUFIAN,4,6,LELAKI,10-12 TAHUN
MUHAMMAD WAIZ BIN MUHAMAD FARID,4,6,LELAKI,10-12 TAHUN
IZZ ZIQRIE B MOHD NOR AZHAR,4,6,LELAKI,10-12 TAHUN
KHALISH NAUFAL BIN ABDUL KARIM,4,6,LELAKI,10-12 TAHUN
MUHAMMAD ADAM MUKHLIS BIN MOHD FIRDAUS,4,6,LELAKI,10-12 TAHUN
KHALISH RAYYAN BIN ABDUL KARIM,4,6,LELAKI,5-9 TAHUN
MUHAMMAD WAFI BIN MUHAMAD FARID,4,6,LELAKI,5-9 TAHUN
MUHAMMAD RAIYAN ZARIF BIN MUHAMMAD SUFIAN,4,6,LELAKI,5-9 TAHUN
AISY IRFAN BIN MOHD NUR IDHAM,4,6,LELAKI,5-9 TAHUN
HASANATUL HUSNA BINTI MOHD SYAFIQ,4,6,PEREMPUAN,5-9 TAHUN
NUR ATHIRAH BINTI MOHD KHAIRUL ANUAR,4,6,PEREMPUAN,5-9 TAHUN
SITI NUR AISYAH BINTI MOHD FIRDAUS,4,6,PEREMPUAN,5-9 TAHUN
AFEEYA SUMAYYAH BT IZUDDIN SHAH,4,6,PEREMPUAN,5-9 TAHUN
NUR FATIHAH MOHD FAIZ,4,6,PEREMPUAN,10-12 TAHUN
FATIMA AZ ZAHRA BINTI ANIQ SYAZWAN,4,6,PEREMPUAN,10-12 TAHUN
NUR QALIESHA HUMAYRA BT AZIZ,4,6,PEREMPUAN,5-9 TAHUN
NUR QAISARAH MOHD FAIZ,4,6,PEREMPUAN,10-12 TAHUN
AMALISA BINTI MOHD NOOR,4,6,PEREMPUAN,10-12 TAHUN
NURFARISHA HAWANI BINTI SAKIM,4,6,PEREMPUAN,10-12 TAHUN
NUR HASANAH SAFIYYA BINTI MOHD FIRDAUS,4,6,PEREMPUAN,10-12 TAHUN
AAFIYAH KHAYLA BINTI MOHD HEIDIR,4,7,PEREMPUAN,10-12 TAHUN
NUR ARISSA BADRIYYA BT BAHARUDDIN,4,7,PEREMPUAN,10-12 TAHUN
AMSYAR BAZLISYAH BIN BAHARUDDIN,4,7,LELAKI,5-9 TAHUN
RAJA MUHAMMAD NASRULHAQ BIN RAJA MOHD HAFRIZ,4,7,LELAKI,5-9 TAHUN
MUHAMMAD FIRAS ALI,4,7,LELAKI,5-9 TAHUN
MUHAMMAD UQAIL TAQIUDDIN BIN AZLI,4,7,LELAKI,10-12 TAHUN
MIRZA HANIF BIN MAZRIM,4,7,LELAKI,10-12 TAHUN
MUHAMMAD IQRAM TASNIM RIZAL BIN ABDUL AZIM,4,7,LELAKI,5-9 TAHUN
MUHAMMAD ZIYAD TAQIUDDIN BIN AZLI,4,7,LELAKI,10-12 TAHUN
MUHAMMAD THAQIF TAQIUDDIN BIN AZLI,4,7,LELAKI,5-9 TAHUN
MUHAMMAD AZ ZUHRI BIN TARMIZI,4,2,LELAKI,10-12 TAHUN
MUHAMMAD ABBAS BIN MOHD ZUHAILI,4,2,LELAKI,10-12 TAHUN
PUTERA AMSYAR FAYYADH BIN MOHAMMED FIRDAUS,4,2,LELAKI,10-12 TAHUN
NUR ANIS AMANI BINTI ABD RAHMAN,4,2,PEREMPUAN,10-12 TAHUN
MUHAMMAD ALIFF AISH BIN MOHD NUR KHAFIZ,4,11,LELAKI,5-9 TAHUN
MUHAMMAD ADAM HAQIM BIN MOHD HAIRUL ANUAR,4,11,LELAKI,10-12 TAHUN
YUSUF MIKAEL BIN MUHAMMAD SYAKIR,4,11,LELAKI,5-9 TAHUN
MOHAMMAD RAYYAN DARWISH BIN MOHD MUSTAQIM,4,11,LELAKI,5-9 TAHUN
WAN NAFEEZ QHALIF BIN WAN HAZLI,4,11,LELAKI,13-17 TAHUN
FATEHUL KHALEEF B. MOHD. FAIROS,4,11,LELAKI,10-12 TAHUN
MUHAMMAD ADAM AISH BIN MOHD NUR KHAFIZ,4,11,LELAKI,10-12 TAHUN
MUHAMMAD ALGHAZALI BIN MOHD MUZAMAR,4,11,LELAKI,10-12 TAHUN
AIRIL IFFAT BIN MOHD AIZAT,4,11,LELAKI,10-12 TAHUN
ADWA RIZQAH BT MOHD FAUZI ,4,11,PEREMPUAN,10-12 TAHUN
ADWA RAYQAH BT MOHD FAUZI ,4,11,PEREMPUAN,10-12 TAHUN
WAN NUREEN QHALISYA BT WAN HAZLI,4,11,PEREMPUAN,10-12 TAHUN
NUR HASANAH BT MUHAMMAD LUTFI ,4,11,PEREMPUAN,5-9 TAHUN
NUR ALEESYA HUMAIRA BT HISHAMUDDIN,4,11,PEREMPUAN,10-12 TAHUN
NUR HUSNINA UMAIRAH BINTI MOHD HASMIDI,4,11,PEREMPUAN,13-17 TAHUN
KHAIRUNNAS ZALIKHA BINTI KHAIRUL HAFIZI,4,12,PEREMPUAN,5-9 TAHUN
AKMAL SYARIF BIN MOHD KHAIRUL,4,13,LELAKI,13-17 TAHUN
MUHD IKHMAL BIN ABDULLAH,4,13,LELAKI,13-17 TAHUN
MUHAMMAD HAEL MIKHAEL BIN MOHD HAFIZI ,4,14,LELAKI,5-9 TAHUN
MUHAMMAD SYAWAL MIKHAIL BIN MOHD HAFIZI ,4,14,LELAKI,5-9 TAHUN
MUHAMMAD IQBAL QHUSHAIREY BIN HAMZAH ,4,14,LELAKI,10-12 TAHUN
NUR RAIHAN BINTI MOHD SHAHRIN,4,14,PEREMPUAN,13-17 TAHUN
CHE NUR DHIA KAMALIA BINTI CHE HANAFIAH,4,14,PEREMPUAN,10-12 TAHUN
CHE NUR ZARA KAMALIA BINTI CHE HANAFIAH,4,14,PEREMPUAN,5-9 TAHUN
MUHAMMAD TAUFIEEQ BIN MAHARAM,4,3,LELAKI,16-17 TAHUN
MUHAMMAD NORHAFIZE BIN AZMI,4,3,LELAKI,16-17 TAHUN
RAIYAN AMIR BIN MOHAMAD RAZIZ,4,3,LELAKI,13-15 TAHUN
QASEH QURRATUL AINI BINTI ABD RAZAK,4,3,PEREMPUAN,13-15 TAHUN
ADNI DAMIA MOHD RIZAL,4,3,PEREMPUAN,13-15 TAHUN
NUR HUDA BINTI KHAIRUL ANUAR,4,3,PEREMPUAN,13-15 TAHUN
NURIN DARWISYAH UZMA BT ROSNIZAN,4,3,PEREMPUAN,13-15 TAHUN
NURUL KHAIRIN ESHAL BTE MOHD.HERWAN,4,3,PEREMPUAN,13-15 TAHUN
AFWAN FAHRI BIN IZUDDIN SHAH,5,5,LELAKI,10-12 TAHUN
MUHAMMAD ZAHIN AL AISY BIN MOHD ZAKI,5,5,LELAKI,10-12 TAHUN
DANIYAL IZZ RIZQI BIN AINOL IZZAT,5,5,LELAKI,10-12 TAHUN
MUHAMMAD AFIRUL ADHA BIN MUHAMMAD AZRAL,5,5,LELAKI,13-15 TAHUN
MUHAMMAD NAEEMULLAH BIN MOHAMAD SHUKRI,5,5,LELAKI,10-12 TAHUN
MUHAMMAD DANISH IRFAN BIN KAMARUL ARIFFIN,5,5,LELAKI,10-12 TAHUN
NOAH AYDEN BIN RAHMAT,5,5,LELAKI,5-9 TAHUN
MUAWWIZ ZUHAYR BIN MOHD ZAKI,5,5,LELAKI,5-9 TAHUN
FATHUL AMIIN BIN KHAIRUL NIZAM,5,5,LELAKI,10-12 TAHUN
AMMAR HARITH BIN MUHAMED LATIFE,5,5,LELAKI,10-12 TAHUN
KHALIL ZARIF BIN MOHD ZAKI,5,5,LELAKI,10-12 TAHUN
KHAYR ZAHRAN BIN MOHD ZAKI,5,5,LELAKI,5-9 TAHUN
ADAM HARRAZ BIN NOR AZMI,5,5,LELAKI,5-9 TAHUN
MUHAMMAD ADAM ZIKRI BIN MOHD KHAIRUDDIN,5,5,LELAKI,10-12 TAHUN
ZUNNUR RIFQI BIN MOHD ZAHARIN,5,5,LELAKI,13-15 TAHUN
AISYAH HAZIQAH BINTI AFIQ AIMAN,5,5,PEREMPUAN,10-12 TAHUN
NUR AMANI BINTI MOHD SHAIFUL AZLAN,5,5,PEREMPUAN,13-15 TAHUN
INAS ARISSA BINTI AINOL IZZAT,5,5,PEREMPUAN,10-12 TAHUN
NURIN ZARA AFRINA BINTI ABDUL MUIZ,5,5,PEREMPUAN,10-12 TAHUN
SHARIFAH NURHAIRIEN BINTI SYED MUHAMMAD ZAKWAN ,5,5,PEREMPUAN,5-9 TAHUN
SHARIFAH NURHAIRIENA BINTI SYED MUHAMMAD ZAKWAN ,5,5,PEREMPUAN,10-12 TAHUN
WAN NUR SOFEA BINTI WAN MOHD FAHRUL ROZY,5,5,PEREMPUAN,5-9 TAHUN
NUR JANNAH BINTI MOHD SHAIFUL AZLAN,5,5,PEREMPUAN,10-12 TAHUN
RAJA AISYAH HUMAIRA' BINTI RAJA MOHD HAFRIZ ,5,5,PEREMPUAN,10-12 TAHUN
MUHAMMAD ARFA DZEKO BIN MOHD AZMI,5,12,LELAKI,13-15 TAHUN
MAYYASAH ADNI NURAA BINTI MOHD AZMI,5,12,PEREMPUAN,10-12 TAHUN
MISHA AFIYA BINTI MOHAMAD FAIRUZ,5,12,PEREMPUAN,5-9 TAHUN
KEISHA FITIYA BINTI MOHAMAD FAIRUZ,5,12,PEREMPUAN,10-12 TAHUN
AHMAD AKHIR IZZANI BIN MIZAN,6,15,LELAKI,13-17 TAHUN
MUHAMMAD QAYYUM BIN AB. AZIZ,6,15,LELAKI,13-17 TAHUN
ZAMATUL FAHMI MIKAIL BIN ZAMATUL AMRI,6,15,LELAKI,13-17 TAHUN
MUHAMMAD ZARIF ZIKRI BIN MOHD AZRAI,6,15,LELAKI,13-17 TAHUN
MOHAMAD ADAM DANIEL BIN ABDULLAH,6,15,LELAKI,13-17 TAHUN
MUHAMMAD DARIUS ZAFRAN BIN MAHADZIR,6,15,LELAKI,13-17 TAHUN
MOHAMAD AL FATIH BIN MOHAMED ESA,6,15,LELAKI,13-17 TAHUN
NUR DINI QAISARA BINTI MOHD FAZLI,6,15,PEREMPUAN,13-17 TAHUN
MIA NUR INSYIRAH BINTI FAUZI,6,15,PEREMPUAN,13-17 TAHUN
ALI IZZUDIN BIN ROSNIZAM,7,4,LELAKI,13-15 TAHUN
UMAR SOLIHIN BIN ROSNIZAM,7,4,LELAKI,10-12 TAHUN
WAN MUHAMMAD HAZIM BIN WAN MOHD FAHRUL ROZY,7,4,LELAKI,10-12 TAHUN
ARFA IMAANI BT. IHSAN SOBRI,7,4,PEREMPUAN,10-12 TAHUN
AIRIS ARYSSA BINTI HELMI ADLY,7,4,PEREMPUAN,10-12 TAHUN
NUR AINA FATIHAH BINTI ROSNIZAM,7,4,PEREMPUAN,10-12 TAHUN
ARFA MUSLIM BIN MOHD FAZLI,7,3,LELAKI,13-15 TAHUN
NOOR AKMAL SYAZWAN BIN NOOR AZLAN,7,3,LELAKI,13-15 TAHUN
MUHAMMAD ADAM SYAHMI BIN HASIBAH,7,3,LELAKI,13-15 TAHUN
MUHAMMAD AMAR IZZUDDIN BIN MOHD AMRIZUL ZAHRI,7,3,LELAKI,13-15 TAHUN
MUHAMMAD IZZ RAYYAN RIFQI BIN MOHD KHAIRUDDIN,7,3,LELAKI,13-15 TAHUN
PUTERI AISYAH HUMAYRA BINTI MEGAT RIZAL HELMEY,7,3,PEREMPUAN,13-15 TAHUN
HAYFA ALLESYA BINTI MOHD HASRIL,7,3,PEREMPUAN,13-15 TAHUN
SHARIFAH NURHUMAIRA BINTI SYED MUHAMMAD ZAKWAN,7,3,PEREMPUAN,13-15 TAHUN
AMIR ZAYED BIN MOHD SAHARI,7,15,LELAKI,13-17 TAHUN
MOHAMAD NABIL NASRULLAH BIN MOHAMAD AZLI,7,15,LELAKI,13-17 TAHUN
SYED ALI HAMZAH BIN SYED SHAH KHALID,7,15,LELAKI,13-17 TAHUN
MUHAMMAD IZWAN ARIS BIN ABDULLAH,7,15,LELAKI,13-17 TAHUN
AFIQ MUKHRIZ BIN FAISAL RIZA,8,15,LELAKI,13-17 TAHUN
MUHAMMAD SYAH PUTRA BIN KHAIRUDDIN,9,14,LELAKI,13-17 TAHUN
HARIZ HAIKAL BIN HISHAMUDDIN,9,14,LELAKI,13-17 TAHUN
MUHAMMAD AZIM DARWISY BIN MOHD SAFUR,9,14,LELAKI,13-17 TAHUN
MUHAMMAD HAZIM MUZAMMIL BIN NAZRUL,9,14,LELAKI,13-17 TAHUN
MUHAMMAD ALAUDDIN DARWISY,9,14,LELAKI,13-17 TAHUN
MUHAMMAD AMSYAR BIN MOHD IZWAN,9,14,LELAKI,13-17 TAHUN
IZZAD HAZZIQ BIN MASALAN,9,14,LELAKI,13-17 TAHUN
AIFA AFRYNA BINTI HELMI ADLY,9,3,PEREMPUAN,13-17 TAHUN
