student_name,level_id,school_id,gender,,,,,,
HUD AL MATIIN BIN MOHD ZAHARUDIN,1,16,Male,,,,,,
SYAHMI AMSYAR BIN MOHD MAHATHIR,1,16,Male,,,,,,
MUHAMMAD ZHAFRI BIN MD AHAIRI,1,16,Male,,,,,,
MUHAMMAD ADIB DURRANI BIN MOHD AZAHAR,1,16,Male,,,,,,
PUTERA ARYAN DANNY BIN MOHD HILMY,1,16,Male,,,,,,
IRDINA ZAHRA BINTI MOHD HANIF,1,16,Female,,,,,,
MUHAMMAD HARITH DANISH BIN BADRUL HISHAM,2,16,Male,,,,,,
MUHAMMAD SYAHMI WAFI BIN SA'AT,2,16,Male,,,,,,
AHMAD KHALIS AKIF BIN AHMAD ZAKI,2,16,Male,,,,,,
NURDIANA ALISYA BINTI SHAMSHOL,2,16,Female,,,,,,
DIFLAA AUDHIYAA BINTI MOHAMAD HANAFI,2,16,Female,,,,,, 
MUHAMMAD FAHIM AIMAN BIN MUHD SYAMIM,3,16,Male,,,,,,
IQBAL,3,16,Male,,,,,,
MOHAMMAD ZHAFRAN BIN MD AHAIRI,3,16,Male,,,,,,
MUHAMMAD DANISH ZAHIN BIN NOR HISYAM FAIZUL,3,16,Male,,,,,,
MUHAMMAD FAHIM BIN ABDULLAH,3,16,Male,,,,,,
FALISHA AULIA BINTI AHMAD,3,16,Female,,,,,,
NURUL IMAN BINTI MD. RAZALI,3,16,Female,,,,,,
DHIYA AFFINA BINTI MOHAMAD HANAFI,3,16,Female,,,,,,
NUR MIQAYLA ELAINNA BINTI MUHAMAD RIDZUAN HASRIQ,3,16,Female,,,,,,
WAN NUR IZZARA SOFEA BINTI WAN NORZAKI,3,16,Female,,,,,,
FAIQ ZIYAD BIN FAIZAL,1,17,Male,,,,,,
FATEH MUZAFFAR BIN FAIZAL,1,17,Male,,,,,,
MUHD IKRAM BIN ABDULLAH,3,13,Male,,,,,,
